State,Class,International Roughness Index,Year,Miles
Alabama,Acceptable (miles),,2019,23249.92244
Alabama,Percent Acceptable,,2019,0.88701571
Alabama,Total (miles),,2019,26211.39871
Alaska,Acceptable (miles),,2019,2811.89208
Alaska,Percent Acceptable,,2019,0.829660836
Alaska,Total (miles),,2019,3389.20672
Arizona,Acceptable (miles),,2019,12113.40914
Arizona,Percent Acceptable,,2019,0.79137434
Arizona,Total (miles),,2019,15306.80049
Arkansas,Acceptable (miles),,2019,6050.76663
Arkansas,Percent Acceptable,,2019,0.93328488
Arkansas,Total (miles),,2019,6483.30082
California,Acceptable (miles),,2019,26223.91747
California,Percent Acceptable,,2019,0.648401185
California,Total (miles),,2019,40443.96908
Colorado,Acceptable (miles),,2019,12655.84542
Colorado,Percent Acceptable,,2019,0.777757566
Colorado,Total (miles),,2019,16272.22412
Connecticut,Acceptable (miles),,2019,4185.21478
Connecticut,Percent Acceptable,,2019,0.660158242
Connecticut,Total (miles),,2019,6339.7145
Delaware,Acceptable (miles),,2019,1330.30596
Delaware,Percent Acceptable,,2019,0.840124685
Delaware,Total (miles),,2019,1583.46253
District of Columbia,Acceptable (miles),,2019,31.37858
District of Columbia,Percent Acceptable,,2019,0.072370329
District of Columbia,Total (miles),,2019,433.58349
Florida,Acceptable (miles),,2019,23047.03666
Florida,Percent Acceptable,,2019,0.871248605
Florida,Total (miles),,2019,26452.88214
Georgia,Acceptable (miles),,2019,29499.4591
Georgia,Percent Acceptable,,2019,0.928846082
Georgia,Total (miles),,2019,31759.25448
Hawaii,Acceptable (miles),,2019,889.48
Hawaii,Percent Acceptable,,2019,0.572488893
Hawaii,Total (miles),,2019,1553.707
Idaho,Acceptable (miles),,2019,3968.0258
Idaho,Percent Acceptable,,2019,0.963505097
Idaho,Total (miles),,2019,4118.32362
Illinois,Acceptable (miles),,2019,24685.6741
Illinois,Percent Acceptable,,2019,0.798782433
Illinois,Total (miles),,2019,30904.12744
Indiana,Acceptable (miles),,2019,18781.73655
Indiana,Percent Acceptable,,2019,0.774195057
Indiana,Total (miles),,2019,24259.69578
Iowa,Acceptable (miles),,2019,4657.65548
Iowa,Percent Acceptable,,2019,0.920444169
Iowa,Total (miles),,2019,5060.22596
Kansas,Acceptable (miles),,2019,14521.53308
Kansas,Percent Acceptable,,2019,0.879189047
Kansas,Total (miles),,2019,16516.96314
Kentucky,Acceptable (miles),,2019,12006.64724
Kentucky,Percent Acceptable,,2019,0.900837906
Kentucky,Total (miles),,2019,13328.31041
Louisiana,Acceptable (miles),,2019,9780.75987
Louisiana,Percent Acceptable,,2019,0.750954499
Louisiana,Total (miles),,2019,13024.43741
Maine,Acceptable (miles),,2019,4900.366
Maine,Percent Acceptable,,2019,0.773128502
Maine,Total (miles),,2019,6338.359
Maryland,Acceptable (miles),,2019,5953.1251
Maryland,Percent Acceptable,,2019,0.730045678
Maryland,Total (miles),,2019,8154.45565
Massachusetts,Acceptable (miles),,2019,3606.20904
Massachusetts,Percent Acceptable,,2019,0.751264741
Massachusetts,Total (miles),,2019,4800.18407
Michigan,Acceptable (miles),,2019,25870.60033
Michigan,Percent Acceptable,,2019,0.785056049
Michigan,Total (miles),,2019,32953.82588
Minnesota,Acceptable (miles),,2019,26337.42915
Minnesota,Percent Acceptable,,2019,0.840813547
Minnesota,Total (miles),,2019,31323.74503
Mississippi,Acceptable (miles),,2019,15951.73939
Mississippi,Percent Acceptable,,2019,0.731996937
Mississippi,Total (miles),,2019,21792.0849
Missouri,Acceptable (miles),,2019,23088.87391
Missouri,Percent Acceptable,,2019,0.75292997
Missouri,Total (miles),,2019,30665.36707
Montana,Acceptable (miles),,2019,11200.48521
Montana,Percent Acceptable,,2019,0.882964279
Montana,Total (miles),,2019,12685.09438
Nebraska,Acceptable (miles),,2019,8966.91289
Nebraska,Percent Acceptable,,2019,0.888559142
Nebraska,Total (miles),,2019,10091.5206
Nevada,Acceptable (miles),,2019,6412.35047
Nevada,Percent Acceptable,,2019,0.854748405
Nevada,Total (miles),,2019,7502.03268
New Hampshire,Acceptable (miles),,2019,2849.56884
New Hampshire,Percent Acceptable,,2019,0.803332577
New Hampshire,Total (miles),,2019,3547.18447
New Jersey,Acceptable (miles),,2019,4081.80411
New Jersey,Percent Acceptable,,2019,0.529520992
New Jersey,Total (miles),,2019,7708.48403
New Mexico,Acceptable (miles),,2019,8293.14193
New Mexico,Percent Acceptable,,2019,0.68452904
New Mexico,Total (miles),,2019,12115.10607
New York,Acceptable (miles),,2019,20097.64056
New York,Percent Acceptable,,2019,0.733757759
New York,Total (miles),,2019,27390.02117
North Carolina,Acceptable (miles),,2019,19864.85429
North Carolina,Percent Acceptable,,2019,0.864405372
North Carolina,Total (miles),,2019,22980.94729
North Dakota,Acceptable (miles),,2019,13149.74281
North Dakota,Percent Acceptable,,2019,0.940628815
North Dakota,Total (miles),,2019,13979.73632
Ohio,Acceptable (miles),,2019,24830.51903
Ohio,Percent Acceptable,,2019,0.835848752
Ohio,Total (miles),,2019,29706.95234
Oklahoma,Acceptable (miles),,2019,14245.13466
Oklahoma,Percent Acceptable,,2019,0.934153199
Oklahoma,Total (miles),,2019,15249.24892
Oregon,Acceptable (miles),,2019,7524.50413
Oregon,Percent Acceptable,,2019,0.898971929
Oregon,Total (miles),,2019,8370.12134
Pennsylvania,Acceptable (miles),,2019,20422.66585
Pennsylvania,Percent Acceptable,,2019,0.730346248
Pennsylvania,Total (miles),,2019,27962.99138
Rhode Island,Acceptable (miles),,2019,849.19907
Rhode Island,Percent Acceptable,,2019,0.496807485
Rhode Island,Total (miles),,2019,1709.31215
South Carolina,Acceptable (miles),,2019,17131.16401
South Carolina,Percent Acceptable,,2019,0.819005828
South Carolina,Total (miles),,2019,20917.02332
South Dakota,Acceptable (miles),,2019,12497.28996
South Dakota,Percent Acceptable,,2019,0.861156324
South Dakota,Total (miles),,2019,14512.21992
Tennessee,Acceptable (miles),,2019,4800.0871
Tennessee,Percent Acceptable,,2019,0.946760452
Tennessee,Total (miles),,2019,5070.01226
Texas,Acceptable (miles),,2019,69296.61521
Texas,Percent Acceptable,,2019,0.780911885
Texas,Total (miles),,2019,88738.07213
Utah,Acceptable (miles),,2019,7393.94612
Utah,Percent Acceptable,,2019,0.7817788
Utah,Total (miles),,2019,9457.84936
Vermont,Acceptable (miles),,2019,3164.93332
Vermont,Percent Acceptable,,2019,0.826169521
Vermont,Total (miles),,2019,3830.85219
Virginia,Acceptable (miles),,2019,13056.35739
Virginia,Percent Acceptable,,2019,0.860077271
Virginia,Total (miles),,2019,15180.44696
Washington,Acceptable (miles),,2019,14608.10025
Washington,Percent Acceptable,,2019,0.727616602
Washington,Total (miles),,2019,20076.64505
West Virginia,Acceptable (miles),,2019,7147.69052
West Virginia,Percent Acceptable,,2019,0.689279825
West Virginia,Total (miles),,2019,10369.79506
Wisconsin,Acceptable (miles),,2019,9180.50069
Wisconsin,Percent Acceptable,,2019,0.824900254
Wisconsin,Total (miles),,2019,11129.22519
Wyoming,Acceptable (miles),,2019,6793.62727
Wyoming,Percent Acceptable,,2019,0.947018269
Wyoming,Total (miles),,2019,7173.70244
United States,Acceptable (miles),,2019,664529.5739
United States,Percent Acceptable,,2019,0.801712418
United States,Total (miles),,2019,828887.715
Alabama,Acceptable (miles),,2018,22919
Alabama,Percent Acceptable,,2018,0.880672042
Alabama,Total (miles),,2018,26024
Alaska,Acceptable (miles),,2018,2552
Alaska,Percent Acceptable,,2018,0.769478458
Alaska,Total (miles),,2018,3316
Arizona,Acceptable (miles),,2018,10308
Arizona,Percent Acceptable,,2018,0.813937707
Arizona,Total (miles),,2018,12665
Arkansas,Acceptable (miles),,2018,13771
Arkansas,Percent Acceptable,,2018,0.796760502
Arkansas,Total (miles),,2018,17283
California,Acceptable (miles),,2018,32526
California,Percent Acceptable,,2018,0.58749769
California,Total (miles),,2018,55363
Colorado,Acceptable (miles),,2018,12691
Colorado,Percent Acceptable,,2018,0.78095535
Colorado,Total (miles),,2018,16251
Connecticut,Acceptable (miles),,2018,4116
Connecticut,Percent Acceptable,,2018,0.649393876
Connecticut,Total (miles),,2018,6338
Delaware,Acceptable (miles),,2018,1288
Delaware,Percent Acceptable,,2018,0.816886856
Delaware,Total (miles),,2018,1577
District of Columbia,Acceptable (miles),,2018,30
District of Columbia,Percent Acceptable,,2018,0.067584598
District of Columbia,Total (miles),,2018,446
Florida,Acceptable (miles),,2018,23531
Florida,Percent Acceptable,,2018,0.882151679
Florida,Total (miles),,2018,26675
Georgia,Acceptable (miles),,2018,16515
Georgia,Percent Acceptable,,2018,0.967672415
Georgia,Total (miles),,2018,17066
Hawaii,Acceptable (miles),,2018,869
Hawaii,Percent Acceptable,,2018,0.564047103
Hawaii,Total (miles),,2018,1540
Idaho,Acceptable (miles),,2018,4251
Idaho,Percent Acceptable,,2018,0.968883613
Idaho,Total (miles),,2018,4388
Illinois,Acceptable (miles),,2018,24890
Illinois,Percent Acceptable,,2018,0.807663106
Illinois,Total (miles),,2018,30817
Indiana,Acceptable (miles),,2018,11931
Indiana,Percent Acceptable,,2018,0.92512153
Indiana,Total (miles),,2018,12897
Iowa,Acceptable (miles),,2018,4559
Iowa,Percent Acceptable,,2018,0.906330826
Iowa,Total (miles),,2018,5030
Kansas,Acceptable (miles),,2018,14493
Kansas,Percent Acceptable,,2018,0.883778315
Kansas,Total (miles),,2018,16399
Kentucky,Acceptable (miles),,2018,11746
Kentucky,Percent Acceptable,,2018,0.920222177
Kentucky,Total (miles),,2018,12764
Louisiana,Acceptable (miles),,2018,9834
Louisiana,Percent Acceptable,,2018,0.743835895
Louisiana,Total (miles),,2018,13221
Maine,Acceptable (miles),,2018,4926
Maine,Percent Acceptable,,2018,0.776837947
Maine,Total (miles),,2018,6341
Maryland,Acceptable (miles),,2018,2562
Maryland,Percent Acceptable,,2018,0.880315818
Maryland,Total (miles),,2018,2910
Massachusetts,Acceptable (miles),,2018,3683
Massachusetts,Percent Acceptable,,2018,0.700716679
Massachusetts,Total (miles),,2018,5256
Michigan,Acceptable (miles),,2018,25218
Michigan,Percent Acceptable,,2018,0.771767308
Michigan,Total (miles),,2018,32675
Minnesota,Acceptable (miles),,2018,26974
Minnesota,Percent Acceptable,,2018,0.850650597
Minnesota,Total (miles),,2018,31709
Mississippi,Acceptable (miles),,2018,15940
Mississippi,Percent Acceptable,,2018,0.731516457
Mississippi,Total (miles),,2018,21790
Missouri,Acceptable (miles),,2018,23103
Missouri,Percent Acceptable,,2018,0.753229107
Missouri,Total (miles),,2018,30672
Montana,Acceptable (miles),,2018,11151
Montana,Percent Acceptable,,2018,0.880305656
Montana,Total (miles),,2018,12667
Nebraska,Acceptable (miles),,2018,8690
Nebraska,Percent Acceptable,,2018,0.899117407
Nebraska,Total (miles),,2018,9666
Nevada,Acceptable (miles),,2018,6551
Nevada,Percent Acceptable,,2018,0.873795386
Nevada,Total (miles),,2018,7497
New Hampshire,Acceptable (miles),,2018,2710
New Hampshire,Percent Acceptable,,2018,0.76406884
New Hampshire,Total (miles),,2018,3547
New Jersey,Acceptable (miles),,2018,4088
New Jersey,Percent Acceptable,,2018,0.529653452
New Jersey,Total (miles),,2018,7718
New Mexico,Acceptable (miles),,2018,8497
New Mexico,Percent Acceptable,,2018,0.698534578
New Mexico,Total (miles),,2018,12165
New York,Acceptable (miles),,2018,18208
New York,Percent Acceptable,,2018,0.746636286
New York,Total (miles),,2018,24386
North Carolina,Acceptable (miles),,2018,19564
North Carolina,Percent Acceptable,,2018,0.890560355
North Carolina,Total (miles),,2018,21969
North Dakota,Acceptable (miles),,2018,12865
North Dakota,Percent Acceptable,,2018,0.933551831
North Dakota,Total (miles),,2018,13781
Ohio,Acceptable (miles),,2018,25099
Ohio,Percent Acceptable,,2018,0.834323878
Ohio,Total (miles),,2018,30083
Oklahoma,Acceptable (miles),,2018,10298
Oklahoma,Percent Acceptable,,2018,0.629165553
Oklahoma,Total (miles),,2018,16368
Oregon,Acceptable (miles),,2018,7760
Oregon,Percent Acceptable,,2018,0.897757095
Oregon,Total (miles),,2018,8644
Pennsylvania,Acceptable (miles),,2018,20492
Pennsylvania,Percent Acceptable,,2018,0.714875343
Pennsylvania,Total (miles),,2018,28665
Rhode Island,Acceptable (miles),,2018,575
Rhode Island,Percent Acceptable,,2018,0.446867996
Rhode Island,Total (miles),,2018,1287
South Carolina,Acceptable (miles),,2018,17135
South Carolina,Percent Acceptable,,2018,0.812866638
South Carolina,Total (miles),,2018,21080
South Dakota,Acceptable (miles),,2018,12503
South Dakota,Percent Acceptable,,2018,0.857210259
South Dakota,Total (miles),,2018,14586
Tennessee,Acceptable (miles),,2018,4834
Tennessee,Percent Acceptable,,2018,0.945988112
Tennessee,Total (miles),,2018,5110
Texas,Acceptable (miles),,2018,17971
Texas,Percent Acceptable,,2018,0.891372329
Texas,Total (miles),,2018,20162
Utah,Acceptable (miles),,2018,7362
Utah,Percent Acceptable,,2018,0.783681005
Utah,Total (miles),,2018,9395
Vermont,Acceptable (miles),,2018,3084
Vermont,Percent Acceptable,,2018,0.821290173
Vermont,Total (miles),,2018,3755
Virginia,Acceptable (miles),,2018,12213
Virginia,Percent Acceptable,,2018,0.884284057
Virginia,Total (miles),,2018,13811
Washington,Acceptable (miles),,2018,14367
Washington,Percent Acceptable,,2018,0.710608062
Washington,Total (miles),,2018,20218
West Virginia,Acceptable (miles),,2018,7258
West Virginia,Percent Acceptable,,2018,0.694866631
West Virginia,Total (miles),,2018,10446
Wisconsin,Acceptable (miles),,2018,9236
Wisconsin,Percent Acceptable,,2018,0.833592818
Wisconsin,Total (miles),,2018,11080
Wyoming,Acceptable (miles),,2018,3885
Wyoming,Percent Acceptable,,2018,0.803817764
Wyoming,Total (miles),,2018,4833
United States,Acceptable (miles),,2018,592104
United States,Percent Acceptable,,2018,0.793598927
United States,Total (miles),,2018,746100
Alabama,Acceptable (miles),,2017,21301
Alabama,Percent Acceptable,,2017,0.86137733
Alabama,Total (miles),,2017,24729
Alaska,Acceptable (miles),,2017,2514
Alaska,Percent Acceptable,,2017,0.775208141
Alaska,Total (miles),,2017,3243
Arizona,Acceptable (miles),,2017,9627
Arizona,Percent Acceptable,,2017,0.803321095
Arizona,Total (miles),,2017,11984
Arkansas,Acceptable (miles),,2017,5919
Arkansas,Percent Acceptable,,2017,0.91201849
Arkansas,Total (miles),,2017,6490
California,Acceptable (miles),,2017,29480
California,Percent Acceptable,,2017,0.550143694
California,Total (miles),,2017,53586
Colorado,Acceptable (miles),,2017,12617
Colorado,Percent Acceptable,,2017,0.777339659
Colorado,Total (miles),,2017,16231
Connecticut,Acceptable (miles),,2017,4155
Connecticut,Percent Acceptable,,2017,0.656190777
Connecticut,Total (miles),,2017,6332
Delaware,Acceptable (miles),,2017,1287
Delaware,Percent Acceptable,,2017,0.815589354
Delaware,Total (miles),,2017,1578
District of Columbia,Acceptable (miles),,2017,30
District of Columbia,Percent Acceptable,,2017,0.067114094
District of Columbia,Total (miles),,2017,447
Florida,Acceptable (miles),,2017,17379
Florida,Percent Acceptable,,2017,0.90421436
Florida,Total (miles),,2017,19220
Georgia,Acceptable (miles),,2017,15957
Georgia,Percent Acceptable,,2017,0.952258758
Georgia,Total (miles),,2017,16757
Hawaii,Acceptable (miles),,2017,898
Hawaii,Percent Acceptable,,2017,0.580103359
Hawaii,Total (miles),,2017,1548
Idaho,Acceptable (miles),,2017,4418
Idaho,Percent Acceptable,,2017,0.963576881
Idaho,Total (miles),,2017,4585
Illinois,Acceptable (miles),,2017,25072
Illinois,Percent Acceptable,,2017,0.806614548
Illinois,Total (miles),,2017,31083
Indiana,Acceptable (miles),,2017,13078
Indiana,Percent Acceptable,,2017,0.871576141
Indiana,Total (miles),,2017,15005
Iowa,Acceptable (miles),,2017,4369
Iowa,Percent Acceptable,,2017,0.906055579
Iowa,Total (miles),,2017,4822
Kansas,Acceptable (miles),,2017,14556
Kansas,Percent Acceptable,,2017,0.884218199
Kansas,Total (miles),,2017,16462
Kentucky,Acceptable (miles),,2017,11488
Kentucky,Percent Acceptable,,2017,0.903144654
Kentucky,Total (miles),,2017,12720
Louisiana,Acceptable (miles),,2017,9761
Louisiana,Percent Acceptable,,2017,0.74682479
Louisiana,Total (miles),,2017,13070
Maine,Acceptable (miles),,2017,4780
Maine,Percent Acceptable,,2017,0.776100016
Maine,Total (miles),,2017,6159
Maryland,Acceptable (miles),,2017,2577
Maryland,Percent Acceptable,,2017,0.887091222
Maryland,Total (miles),,2017,2905
Massachusetts,Acceptable (miles),,2017,3690
Massachusetts,Percent Acceptable,,2017,0.698996022
Massachusetts,Total (miles),,2017,5279
Michigan,Acceptable (miles),,2017,26096
Michigan,Percent Acceptable,,2017,0.762505844
Michigan,Total (miles),,2017,34224
Minnesota,Acceptable (miles),,2017,26260
Minnesota,Percent Acceptable,,2017,0.850939728
Minnesota,Total (miles),,2017,30860
Mississippi,Acceptable (miles),,2017,15250
Mississippi,Percent Acceptable,,2017,0.702150191
Mississippi,Total (miles),,2017,21719
Missouri,Acceptable (miles),,2017,23015
Missouri,Percent Acceptable,,2017,0.766170645
Missouri,Total (miles),,2017,30039
Montana,Acceptable (miles),,2017,11055
Montana,Percent Acceptable,,2017,0.884541527
Montana,Total (miles),,2017,12498
Nebraska,Acceptable (miles),,2017,11686
Nebraska,Percent Acceptable,,2017,0.92255467
Nebraska,Total (miles),,2017,12667
Nevada,Acceptable (miles),,2017,6355
Nevada,Percent Acceptable,,2017,0.855661775
Nevada,Total (miles),,2017,7427
New Hampshire,Acceptable (miles),,2017,2638
New Hampshire,Percent Acceptable,,2017,0.74709714
New Hampshire,Total (miles),,2017,3531
New Jersey,Acceptable (miles),,2017,4065
New Jersey,Percent Acceptable,,2017,0.525261662
New Jersey,Total (miles),,2017,7739
New Mexico,Acceptable (miles),,2017,8208
New Mexico,Percent Acceptable,,2017,0.692775152
New Mexico,Total (miles),,2017,11848
New York,Acceptable (miles),,2017,13202
New York,Percent Acceptable,,2017,0.803627952
New York,Total (miles),,2017,16428
North Carolina,Acceptable (miles),,2017,18532
North Carolina,Percent Acceptable,,2017,0.866953593
North Carolina,Total (miles),,2017,21376
North Dakota,Acceptable (miles),,2017,10986
North Dakota,Percent Acceptable,,2017,0.901378405
North Dakota,Total (miles),,2017,12188
Ohio,Acceptable (miles),,2017,24419
Ohio,Percent Acceptable,,2017,0.821441787
Ohio,Total (miles),,2017,29727
Oklahoma,Acceptable (miles),,2017,20043
Oklahoma,Percent Acceptable,,2017,0.679124454
Oklahoma,Total (miles),,2017,29513
Oregon,Acceptable (miles),,2017,7951
Oregon,Percent Acceptable,,2017,0.892869175
Oregon,Total (miles),,2017,8905
Pennsylvania,Acceptable (miles),,2017,20023
Pennsylvania,Percent Acceptable,,2017,0.699640099
Pennsylvania,Total (miles),,2017,28619
Rhode Island,Acceptable (miles),,2017,825
Rhode Island,Percent Acceptable,,2017,0.471159338
Rhode Island,Total (miles),,2017,1751
South Carolina,Acceptable (miles),,2017,17275
South Carolina,Percent Acceptable,,2017,0.819769373
South Carolina,Total (miles),,2017,21073
South Dakota,Acceptable (miles),,2017,12710
South Dakota,Percent Acceptable,,2017,0.861694915
South Dakota,Total (miles),,2017,14750
Tennessee,Acceptable (miles),,2017,4793
Tennessee,Percent Acceptable,,2017,0.953072181
Tennessee,Total (miles),,2017,5029
Texas,Acceptable (miles),,2017,17732
Texas,Percent Acceptable,,2017,0.899143045
Texas,Total (miles),,2017,19721
Utah,Acceptable (miles),,2017,7112
Utah,Percent Acceptable,,2017,0.776249727
Utah,Total (miles),,2017,9162
Vermont,Acceptable (miles),,2017,3114
Vermont,Percent Acceptable,,2017,0.830843116
Vermont,Total (miles),,2017,3748
Virginia,Acceptable (miles),,2017,11342
Virginia,Percent Acceptable,,2017,0.894761754
Virginia,Total (miles),,2017,12676
Washington,Acceptable (miles),,2017,14204
Washington,Percent Acceptable,,2017,0.70578882
Washington,Total (miles),,2017,20125
West Virginia,Acceptable (miles),,2017,7204
West Virginia,Percent Acceptable,,2017,0.687601413
West Virginia,Total (miles),,2017,10477
Wisconsin,Acceptable (miles),,2017,20154
Wisconsin,Percent Acceptable,,2017,0.711753072
Wisconsin,Total (miles),,2017,28316
Wyoming,Acceptable (miles),,2017,6924
Wyoming,Percent Acceptable,,2017,0.920255183
Wyoming,Total (miles),,2017,7524
United States,Acceptable (miles),,2017,588340
United States,Percent Acceptable,,2017,0.786182936
United States,Total (miles),,2017,748350
Alabama,Acceptable (miles),,2016,22500
Alabama,Percent Acceptable,,2016,0.864088483
Alabama,Total (miles),,2016,26039
Alaska,Acceptable (miles),,2016,2481
Alaska,Percent Acceptable,,2016,0.76716141
Alaska,Total (miles),,2016,3234
Arizona,Acceptable (miles),,2016,8540
Arizona,Percent Acceptable,,2016,0.857946554
Arizona,Total (miles),,2016,9954
Arkansas,Acceptable (miles),,2016,5700
Arkansas,Percent Acceptable,,2016,0.882489549
Arkansas,Total (miles),,2016,6459
California,Acceptable (miles),,2016,29920
California,Percent Acceptable,,2016,0.563496996
California,Total (miles),,2016,53097
Colorado,Acceptable (miles),,2016,12393
Colorado,Percent Acceptable,,2016,0.762599225
Colorado,Total (miles),,2016,16251
Connecticut,Acceptable (miles),,2016,4130
Connecticut,Percent Acceptable,,2016,0.652242577
Connecticut,Total (miles),,2016,6332
Delaware,Acceptable (miles),,2016,1285
Delaware,Percent Acceptable,,2016,0.825835476
Delaware,Total (miles),,2016,1556
District of Columbia,Acceptable (miles),,2016,34
District of Columbia,Percent Acceptable,,2016,0.076576577
District of Columbia,Total (miles),,2016,444
Florida,Acceptable (miles),,2016,18075
Florida,Percent Acceptable,,2016,0.899567013
Florida,Total (miles),,2016,20093
Georgia,Acceptable (miles),,2016,15271
Georgia,Percent Acceptable,,2016,0.964504516
Georgia,Total (miles),,2016,15833
Hawaii,Acceptable (miles),,2016,923
Hawaii,Percent Acceptable,,2016,0.595868302
Hawaii,Total (miles),,2016,1549
Idaho,Acceptable (miles),,2016,4612
Idaho,Percent Acceptable,,2016,0.952695724
Idaho,Total (miles),,2016,4841
Illinois,Acceptable (miles),,2016,25392
Illinois,Percent Acceptable,,2016,0.817119871
Illinois,Total (miles),,2016,31075
Indiana,Acceptable (miles),,2016,13198
Indiana,Percent Acceptable,,2016,0.869834575
Indiana,Total (miles),,2016,15173
Iowa,Acceptable (miles),,2016,4315
Iowa,Percent Acceptable,,2016,0.887129934
Iowa,Total (miles),,2016,4864
Kansas,Acceptable (miles),,2016,14786
Kansas,Percent Acceptable,,2016,0.897154299
Kansas,Total (miles),,2016,16481
Kentucky,Acceptable (miles),,2016,11440
Kentucky,Percent Acceptable,,2016,0.899229681
Kentucky,Total (miles),,2016,12722
Louisiana,Acceptable (miles),,2016,9813
Louisiana,Percent Acceptable,,2016,0.738930723
Louisiana,Total (miles),,2016,13280
Maine,Acceptable (miles),,2016,4711
Maine,Percent Acceptable,,2016,0.742123503
Maine,Total (miles),,2016,6348
Maryland,Acceptable (miles),,2016,5884
Maryland,Percent Acceptable,,2016,0.753200205
Maryland,Total (miles),,2016,7812
Massachusetts,Acceptable (miles),,2016,3324
Massachusetts,Percent Acceptable,,2016,0.676159479
Massachusetts,Total (miles),,2016,4916
Michigan,Acceptable (miles),,2016,10064
Michigan,Percent Acceptable,,2016,0.894259819
Michigan,Total (miles),,2016,11254
Minnesota,Acceptable (miles),,2016,16713
Minnesota,Percent Acceptable,,2016,0.902234938
Minnesota,Total (miles),,2016,18524
Mississippi,Acceptable (miles),,2016,15125
Mississippi,Percent Acceptable,,2016,0.698291782
Mississippi,Total (miles),,2016,21660
Missouri,Acceptable (miles),,2016,22780
Missouri,Percent Acceptable,,2016,0.758524241
Missouri,Total (miles),,2016,30032
Montana,Acceptable (miles),,2016,11097
Montana,Percent Acceptable,,2016,0.882746003
Montana,Total (miles),,2016,12571
Nebraska,Acceptable (miles),,2016,7383
Nebraska,Percent Acceptable,,2016,0.918283582
Nebraska,Total (miles),,2016,8040
Nevada,Acceptable (miles),,2016,6281
Nevada,Percent Acceptable,,2016,0.871392897
Nevada,Total (miles),,2016,7208
New Hampshire,Acceptable (miles),,2016,2633
New Hampshire,Percent Acceptable,,2016,0.745048104
New Hampshire,Total (miles),,2016,3534
New Jersey,Acceptable (miles),,2016,4017
New Jersey,Percent Acceptable,,2016,0.516058582
New Jersey,Total (miles),,2016,7784
New Mexico,Acceptable (miles),,2016,8608
New Mexico,Percent Acceptable,,2016,0.706732348
New Mexico,Total (miles),,2016,12180
New York,Acceptable (miles),,2016,15051
New York,Percent Acceptable,,2016,0.721835883
New York,Total (miles),,2016,20851
North Carolina,Acceptable (miles),,2016,18143
North Carolina,Percent Acceptable,,2016,0.866841854
North Carolina,Total (miles),,2016,20930
North Dakota,Acceptable (miles),,2016,6070
North Dakota,Percent Acceptable,,2016,0.971821966
North Dakota,Total (miles),,2016,6246
Ohio,Acceptable (miles),,2016,20882
Ohio,Percent Acceptable,,2016,0.85372036
Ohio,Total (miles),,2016,24460
Oklahoma,Acceptable (miles),,2016,21094
Oklahoma,Percent Acceptable,,2016,0.744030193
Oklahoma,Total (miles),,2016,28351
Oregon,Acceptable (miles),,2016,7353
Oregon,Percent Acceptable,,2016,0.879755922
Oregon,Total (miles),,2016,8358
Pennsylvania,Acceptable (miles),,2016,19870
Pennsylvania,Percent Acceptable,,2016,0.694901028
Pennsylvania,Total (miles),,2016,28594
Rhode Island,Acceptable (miles),,2016,814
Rhode Island,Percent Acceptable,,2016,0.474358974
Rhode Island,Total (miles),,2016,1716
South Carolina,Acceptable (miles),,2016,17179
South Carolina,Percent Acceptable,,2016,0.814247796
South Carolina,Total (miles),,2016,21098
South Dakota,Acceptable (miles),,2016,10935
South Dakota,Percent Acceptable,,2016,0.8268431
South Dakota,Total (miles),,2016,13225
Tennessee,Acceptable (miles),,2016,13018
Tennessee,Percent Acceptable,,2016,0.93627733
Tennessee,Total (miles),,2016,13904
Texas,Acceptable (miles),,2016,16606
Texas,Percent Acceptable,,2016,0.893756728
Texas,Total (miles),,2016,18580
Utah,Acceptable (miles),,2016,6517
Utah,Percent Acceptable,,2016,0.817588759
Utah,Total (miles),,2016,7971
Vermont,Acceptable (miles),,2016,2784
Vermont,Percent Acceptable,,2016,0.743788405
Vermont,Total (miles),,2016,3743
Virginia,Acceptable (miles),,2016,15550
Virginia,Percent Acceptable,,2016,0.786704442
Virginia,Total (miles),,2016,19766
Washington,Acceptable (miles),,2016,14304
Washington,Percent Acceptable,,2016,0.708539727
Washington,Total (miles),,2016,20188
West Virginia,Acceptable (miles),,2016,7302
West Virginia,Percent Acceptable,,2016,0.740492851
West Virginia,Total (miles),,2016,9861
Wisconsin,Acceptable (miles),,2016,19377
Wisconsin,Percent Acceptable,,2016,0.688911011
Wisconsin,Total (miles),,2016,28127
Wyoming,Acceptable (miles),,2016,6633
Wyoming,Percent Acceptable,,2016,0.933436533
Wyoming,Total (miles),,2016,7106
United States,Acceptable (miles),,2016,563523
United States,Percent Acceptable,,2016,0.786323963
United States,Total (miles),,2016,716655
Alabama,Acceptable (miles),,2015,11276
Alabama,Percent Acceptable,,2015,0.975939069
Alabama,Total (miles),,2015,11554
Alaska,Acceptable (miles),,2015,2724
Alaska,Percent Acceptable,,2015,0.78865084
Alaska,Total (miles),,2015,3454
Arizona,Acceptable (miles),,2015,8735
Arizona,Percent Acceptable,,2015,0.852444618
Arizona,Total (miles),,2015,10247
Arkansas,Acceptable (miles),,2015,13550
Arkansas,Percent Acceptable,,2015,0.793325527
Arkansas,Total (miles),,2015,17080
California,Acceptable (miles),,2015,28151
California,Percent Acceptable,,2015,0.496288983
California,Total (miles),,2015,56723
Colorado,Acceptable (miles),,2015,11902
Colorado,Percent Acceptable,,2015,0.792040993
Colorado,Total (miles),,2015,15027
Connecticut,Acceptable (miles),,2015,2753
Connecticut,Percent Acceptable,,2015,0.43470709
Connecticut,Total (miles),,2015,6333
Delaware,Acceptable (miles),,2015,1295
Delaware,Percent Acceptable,,2015,0.841455491
Delaware,Total (miles),,2015,1539
District of Columbia,Acceptable (miles),,2015,21
District of Columbia,Percent Acceptable,,2015,0.046255507
District of Columbia,Total (miles),,2015,454
Florida,Acceptable (miles),,2015,18842
Florida,Percent Acceptable,,2015,0.904995197
Florida,Total (miles),,2015,20820
Georgia,Acceptable (miles),,2015,11997
Georgia,Percent Acceptable,,2015,0.963537065
Georgia,Total (miles),,2015,12451
Hawaii,Acceptable (miles),,2015,941
Hawaii,Percent Acceptable,,2015,0.606705351
Hawaii,Total (miles),,2015,1551
Idaho,Acceptable (miles),,2015,4490
Idaho,Percent Acceptable,,2015,0.954912803
Idaho,Total (miles),,2015,4702
Illinois,Acceptable (miles),,2015,25893
Illinois,Percent Acceptable,,2015,0.81606732
Illinois,Total (miles),,2015,31729
Indiana,Acceptable (miles),,2015,12267
Indiana,Percent Acceptable,,2015,0.917433251
Indiana,Total (miles),,2015,13371
Iowa,Acceptable (miles),,2015,10471
Iowa,Percent Acceptable,,2015,0.820354121
Iowa,Total (miles),,2015,12764
Kansas,Acceptable (miles),,2015,14715
Kansas,Percent Acceptable,,2015,0.899834893
Kansas,Total (miles),,2015,16353
Kentucky,Acceptable (miles),,2015,7870
Kentucky,Percent Acceptable,,2015,0.919714853
Kentucky,Total (miles),,2015,8557
Louisiana,Acceptable (miles),,2015,9835
Louisiana,Percent Acceptable,,2015,0.742880882
Louisiana,Total (miles),,2015,13239
Maine,Acceptable (miles),,2015,5015
Maine,Percent Acceptable,,2015,0.794266709
Maine,Total (miles),,2015,6314
Maryland,Acceptable (miles),,2015,5722
Maryland,Percent Acceptable,,2015,0.756378057
Maryland,Total (miles),,2015,7565
Massachusetts,Acceptable (miles),,2015,3177
Massachusetts,Percent Acceptable,,2015,0.668560606
Massachusetts,Total (miles),,2015,4752
Michigan,Acceptable (miles),,2015,14237
Michigan,Percent Acceptable,,2015,0.900278234
Michigan,Total (miles),,2015,15814
Minnesota,Acceptable (miles),,2015,26456
Minnesota,Percent Acceptable,,2015,0.845834133
Minnesota,Total (miles),,2015,31278
Mississippi,Acceptable (miles),,2015,15486
Mississippi,Percent Acceptable,,2015,0.716248092
Mississippi,Total (miles),,2015,21621
Missouri,Acceptable (miles),,2015,22899
Missouri,Percent Acceptable,,2015,0.76459982
Missouri,Total (miles),,2015,29949
Montana,Acceptable (miles),,2015,11368
Montana,Percent Acceptable,,2015,0.898869297
Montana,Total (miles),,2015,12647
Nebraska,Acceptable (miles),,2015,9225
Nebraska,Percent Acceptable,,2015,0.925461477
Nebraska,Total (miles),,2015,9968
Nevada,Acceptable (miles),,2015,6287
Nevada,Percent Acceptable,,2015,0.871983356
Nevada,Total (miles),,2015,7210
New Hampshire,Acceptable (miles),,2015,1679
New Hampshire,Percent Acceptable,,2015,0.847124117
New Hampshire,Total (miles),,2015,1982
New Jersey,Acceptable (miles),,2015,3952
New Jersey,Percent Acceptable,,2015,0.50829582
New Jersey,Total (miles),,2015,7775
New Mexico,Acceptable (miles),,2015,8588
New Mexico,Percent Acceptable,,2015,0.743035127
New Mexico,Total (miles),,2015,11558
New York,Acceptable (miles),,2015,19420
New York,Percent Acceptable,,2015,0.723412181
New York,Total (miles),,2015,26845
North Carolina,Acceptable (miles),,2015,19296
North Carolina,Percent Acceptable,,2015,0.865252679
North Carolina,Total (miles),,2015,22301
North Dakota,Acceptable (miles),,2015,12678
North Dakota,Percent Acceptable,,2015,0.904279601
North Dakota,Total (miles),,2015,14020
Ohio,Acceptable (miles),,2015,24390
Ohio,Percent Acceptable,,2015,0.834502344
Ohio,Total (miles),,2015,29227
Oklahoma,Acceptable (miles),,2015,21966
Oklahoma,Percent Acceptable,,2015,0.73952126
Oklahoma,Total (miles),,2015,29703
Oregon,Acceptable (miles),,2015,7854
Oregon,Percent Acceptable,,2015,0.882769473
Oregon,Total (miles),,2015,8897
Pennsylvania,Acceptable (miles),,2015,19369
Pennsylvania,Percent Acceptable,,2015,0.681718992
Pennsylvania,Total (miles),,2015,28412
Rhode Island,Acceptable (miles),,2015,799
Rhode Island,Percent Acceptable,,2015,0.457879656
Rhode Island,Total (miles),,2015,1745
South Carolina,Acceptable (miles),,2015,17932
South Carolina,Percent Acceptable,,2015,0.844176631
South Carolina,Total (miles),,2015,21242
South Dakota,Acceptable (miles),,2015,10165
South Dakota,Percent Acceptable,,2015,0.860784148
South Dakota,Total (miles),,2015,11809
Tennessee,Acceptable (miles),,2015,12495
Tennessee,Percent Acceptable,,2015,0.915854284
Tennessee,Total (miles),,2015,13643
Texas,Acceptable (miles),,2015,27583
Texas,Percent Acceptable,,2015,0.895493799
Texas,Total (miles),,2015,30802
Utah,Acceptable (miles),,2015,4007
Utah,Percent Acceptable,,2015,0.899236984
Utah,Total (miles),,2015,4456
Vermont,Acceptable (miles),,2015,2823
Vermont,Percent Acceptable,,2015,0.761326861
Vermont,Total (miles),,2015,3708
Virginia,Acceptable (miles),,2015,14701
Virginia,Percent Acceptable,,2015,0.76771633
Virginia,Total (miles),,2015,19149
Washington,Acceptable (miles),,2015,13470
Washington,Percent Acceptable,,2015,0.692936879
Washington,Total (miles),,2015,19439
West Virginia,Acceptable (miles),,2015,5032
West Virginia,Percent Acceptable,,2015,0.867436649
West Virginia,Total (miles),,2015,5801
Wisconsin,Acceptable (miles),,2015,18211
Wisconsin,Percent Acceptable,,2015,0.726464018
Wisconsin,Total (miles),,2015,25068
Wyoming,Acceptable (miles),,2015,6808
Wyoming,Percent Acceptable,,2015,0.91150087
Wyoming,Total (miles),,2015,7469
United States,Acceptable (miles),,2015,591418
United States,Percent Acceptable,,2015,0.785896811
United States,Total (miles),,2015,752539
Alabama,Acceptable (miles),,2014,21856
Alabama,Percent Acceptable,,2014,0.901129711
Alabama,Total (miles),,2014,24254
Alaska,Acceptable (miles),,2014,2633
Alaska,Percent Acceptable,,2014,0.767191142
Alaska,Total (miles),,2014,3432
Arizona,Acceptable (miles),,2014,8675
Arizona,Percent Acceptable,,2014,0.878303128
Arizona,Total (miles),,2014,9877
Arkansas,Acceptable (miles),,2014,13738
Arkansas,Percent Acceptable,,2014,0.817981542
Arkansas,Total (miles),,2014,16795
California,Acceptable (miles),,2014,14978
California,Percent Acceptable,,2014,0.630387205
California,Total (miles),,2014,23760
Colorado,Acceptable (miles),,2014,12788
Colorado,Percent Acceptable,,2014,0.785166083
Colorado,Total (miles),,2014,16287
Connecticut,Acceptable (miles),,2014,3443
Connecticut,Percent Acceptable,,2014,0.555322581
Connecticut,Total (miles),,2014,6200
Delaware,Acceptable (miles),,2014,1275
Delaware,Percent Acceptable,,2014,0.810038119
Delaware,Total (miles),,2014,1574
District of Columbia,Acceptable (miles),,2014,18
District of Columbia,Percent Acceptable,,2014,0.03956044
District of Columbia,Total (miles),,2014,455
Florida,Acceptable (miles),,2014,16246
Florida,Percent Acceptable,,2014,0.919723732
Florida,Total (miles),,2014,17664
Georgia,Acceptable (miles),,2014,24870
Georgia,Percent Acceptable,,2014,0.88739028
Georgia,Total (miles),,2014,28026
Hawaii,Acceptable (miles),,2014,903
Hawaii,Percent Acceptable,,2014,0.616803279
Hawaii,Total (miles),,2014,1464
Idaho,Acceptable (miles),,2014,4762
Idaho,Percent Acceptable,,2014,0.952209558
Idaho,Total (miles),,2014,5001
Illinois,Acceptable (miles),,2014,25549
Illinois,Percent Acceptable,,2014,0.81172359
Illinois,Total (miles),,2014,31475
Indiana,Acceptable (miles),,2014,18202
Indiana,Percent Acceptable,,2014,0.849687237
Indiana,Total (miles),,2014,21422
Iowa,Acceptable (miles),,2014,18884
Iowa,Percent Acceptable,,2014,0.808390411
Iowa,Total (miles),,2014,23360
Kansas,Acceptable (miles),,2014,14730
Kansas,Percent Acceptable,,2014,0.902684152
Kansas,Total (miles),,2014,16318
Kentucky,Acceptable (miles),,2014,12065
Kentucky,Percent Acceptable,,2014,0.926082284
Kentucky,Total (miles),,2014,13028
Louisiana,Acceptable (miles),,2014,9642
Louisiana,Percent Acceptable,,2014,0.761370815
Louisiana,Total (miles),,2014,12664
Maine,Acceptable (miles),,2014,5167
Maine,Percent Acceptable,,2014,0.818469824
Maine,Total (miles),,2014,6313
Maryland,Acceptable (miles),,2014,5548
Maryland,Percent Acceptable,,2014,0.778011499
Maryland,Total (miles),,2014,7131
Massachusetts,Acceptable (miles),,2014,0
Massachusetts,Percent Acceptable,,2014,
Massachusetts,Total (miles),,2014,0
Michigan,Acceptable (miles),,2014,9842
Michigan,Percent Acceptable,,2014,0.877887789
Michigan,Total (miles),,2014,11211
Minnesota,Acceptable (miles),,2014,25872
Minnesota,Percent Acceptable,,2014,0.86002061
Minnesota,Total (miles),,2014,30083
Mississippi,Acceptable (miles),,2014,16129
Mississippi,Percent Acceptable,,2014,0.742826878
Mississippi,Total (miles),,2014,21713
Missouri,Acceptable (miles),,2014,22094
Missouri,Percent Acceptable,,2014,0.763467984
Missouri,Total (miles),,2014,28939
Montana,Acceptable (miles),,2014,11353
Montana,Percent Acceptable,,2014,0.907441452
Montana,Total (miles),,2014,12511
Nebraska,Acceptable (miles),,2014,10414
Nebraska,Percent Acceptable,,2014,0.946727273
Nebraska,Total (miles),,2014,11000
Nevada,Acceptable (miles),,2014,6174
Nevada,Percent Acceptable,,2014,0.856073211
Nevada,Total (miles),,2014,7212
New Hampshire,Acceptable (miles),,2014,1703
New Hampshire,Percent Acceptable,,2014,0.866666667
New Hampshire,Total (miles),,2014,1965
New Jersey,Acceptable (miles),,2014,3992
New Jersey,Percent Acceptable,,2014,0.513308474
New Jersey,Total (miles),,2014,7777
New Mexico,Acceptable (miles),,2014,8010
New Mexico,Percent Acceptable,,2014,0.753315151
New Mexico,Total (miles),,2014,10633
New York,Acceptable (miles),,2014,19403
New York,Percent Acceptable,,2014,0.713870493
New York,Total (miles),,2014,27180
North Carolina,Acceptable (miles),,2014,19353
North Carolina,Percent Acceptable,,2014,0.874790942
North Carolina,Total (miles),,2014,22123
North Dakota,Acceptable (miles),,2014,5921
North Dakota,Percent Acceptable,,2014,0.951470352
North Dakota,Total (miles),,2014,6223
Ohio,Acceptable (miles),,2014,18144
Ohio,Percent Acceptable,,2014,0.908153561
Ohio,Total (miles),,2014,19979
Oklahoma,Acceptable (miles),,2014,20523
Oklahoma,Percent Acceptable,,2014,0.698726678
Oklahoma,Total (miles),,2014,29372
Oregon,Acceptable (miles),,2014,7947
Oregon,Percent Acceptable,,2014,0.884474124
Oregon,Total (miles),,2014,8985
Pennsylvania,Acceptable (miles),,2014,19721
Pennsylvania,Percent Acceptable,,2014,0.712515355
Pennsylvania,Total (miles),,2014,27678
Rhode Island,Acceptable (miles),,2014,535
Rhode Island,Percent Acceptable,,2014,0.478961504
Rhode Island,Total (miles),,2014,1117
South Carolina,Acceptable (miles),,2014,18228
South Carolina,Percent Acceptable,,2014,0.863599754
South Carolina,Total (miles),,2014,21107
South Dakota,Acceptable (miles),,2014,9829
South Dakota,Percent Acceptable,,2014,0.9167133
South Dakota,Total (miles),,2014,10722
Tennessee,Acceptable (miles),,2014,12932
Tennessee,Percent Acceptable,,2014,0.940645912
Tennessee,Total (miles),,2014,13748
Texas,Acceptable (miles),,2014,25251
Texas,Percent Acceptable,,2014,0.897781412
Texas,Total (miles),,2014,28126
Utah,Acceptable (miles),,2014,6498
Utah,Percent Acceptable,,2014,0.799065421
Utah,Total (miles),,2014,8132
Vermont,Acceptable (miles),,2014,2709
Vermont,Percent Acceptable,,2014,0.754385965
Vermont,Total (miles),,2014,3591
Virginia,Acceptable (miles),,2014,15229
Virginia,Percent Acceptable,,2014,0.780934311
Virginia,Total (miles),,2014,19501
Washington,Acceptable (miles),,2014,13487
Washington,Percent Acceptable,,2014,0.688568949
Washington,Total (miles),,2014,19587
West Virginia,Acceptable (miles),,2014,7210
West Virginia,Percent Acceptable,,2014,0.715419726
West Virginia,Total (miles),,2014,10078
Wisconsin,Acceptable (miles),,2014,16482
Wisconsin,Percent Acceptable,,2014,0.579739712
Wisconsin,Total (miles),,2014,28430
Wyoming,Acceptable (miles),,2014,6604
Wyoming,Percent Acceptable,,2014,0.918114834
Wyoming,Total (miles),,2014,7193
United States,Acceptable (miles),,2014,598178
United States,Percent Acceptable,,2014,0.803094889
United States,Total (miles),,2014,744841
Alabama,Acceptable (miles),,2013,18307
Alabama,Percent Acceptable,,2013,0.891068386
Alabama,Total (miles),,2013,20545
Alaska,Acceptable (miles),,2013,2407
Alaska,Percent Acceptable,,2013,0.792819499
Alaska,Total (miles),,2013,3036
Arizona,Acceptable (miles),,2013,5931
Arizona,Percent Acceptable,,2013,0.920819748
Arizona,Total (miles),,2013,6441
Arkansas,Acceptable (miles),,2013,10376
Arkansas,Percent Acceptable,,2013,0.771220455
Arkansas,Total (miles),,2013,13454
California,Acceptable (miles),,2013,26454
California,Percent Acceptable,,2013,0.600913159
California,Total (miles),,2013,44023
Colorado,Acceptable (miles),,2013,9287
Colorado,Percent Acceptable,,2013,0.765306963
Colorado,Total (miles),,2013,12135
Connecticut,Acceptable (miles),,2013,2639
Connecticut,Percent Acceptable,,2013,0.537474542
Connecticut,Total (miles),,2013,4910
Delaware,Acceptable (miles),,2013,992
Delaware,Percent Acceptable,,2013,0.832214765
Delaware,Total (miles),,2013,1192
District of Columbia,Acceptable (miles),,2013,21
District of Columbia,Percent Acceptable,,2013,0.061946903
District of Columbia,Total (miles),,2013,339
Florida,Acceptable (miles),,2013,3172
Florida,Percent Acceptable,,2013,0.834078359
Florida,Total (miles),,2013,3803
Georgia,Acceptable (miles),,2013,21240
Georgia,Percent Acceptable,,2013,0.866832633
Georgia,Total (miles),,2013,24503
Hawaii,Acceptable (miles),,2013,853
Hawaii,Percent Acceptable,,2013,0.568287808
Hawaii,Total (miles),,2013,1501
Idaho,Acceptable (miles),,2013,3722
Idaho,Percent Acceptable,,2013,0.948763701
Idaho,Total (miles),,2013,3923
Illinois,Acceptable (miles),,2013,18151
Illinois,Percent Acceptable,,2013,0.764188279
Illinois,Total (miles),,2013,23752
Indiana,Acceptable (miles),,2013,17636
Indiana,Percent Acceptable,,2013,0.826894224
Indiana,Total (miles),,2013,21328
Iowa,Acceptable (miles),,2013,1810
Iowa,Percent Acceptable,,2013,0.834485938
Iowa,Total (miles),,2013,2169
Kansas,Acceptable (miles),,2013,10778
Kansas,Percent Acceptable,,2013,0.893920544
Kansas,Total (miles),,2013,12057
Kentucky,Acceptable (miles),,2013,9722
Kentucky,Percent Acceptable,,2013,0.909618263
Kentucky,Total (miles),,2013,10688
Louisiana,Acceptable (miles),,2013,8384
Louisiana,Percent Acceptable,,2013,0.752130618
Louisiana,Total (miles),,2013,11147
Maine,Acceptable (miles),,2013,4608
Maine,Percent Acceptable,,2013,0.729575681
Maine,Total (miles),,2013,6316
Maryland,Acceptable (miles),,2013,3065
Maryland,Percent Acceptable,,2013,0.762058677
Maryland,Total (miles),,2013,4022
Massachusetts,Acceptable (miles),,2013,2060
Massachusetts,Percent Acceptable,,2013,0.766939687
Massachusetts,Total (miles),,2013,2686
Michigan,Acceptable (miles),,2013,6610
Michigan,Percent Acceptable,,2013,0.919588203
Michigan,Total (miles),,2013,7188
Minnesota,Acceptable (miles),,2013,18019
Minnesota,Percent Acceptable,,2013,0.911985019
Minnesota,Total (miles),,2013,19758
Mississippi,Acceptable (miles),,2013,13898
Mississippi,Percent Acceptable,,2013,0.73402345
Mississippi,Total (miles),,2013,18934
Missouri,Acceptable (miles),,2013,17360
Missouri,Percent Acceptable,,2013,0.779419028
Missouri,Total (miles),,2013,22273
Montana,Acceptable (miles),,2013,7902
Montana,Percent Acceptable,,2013,0.894498528
Montana,Total (miles),,2013,8834
Nebraska,Acceptable (miles),,2013,10210
Nebraska,Percent Acceptable,,2013,0.952336536
Nebraska,Total (miles),,2013,10721
Nevada,Acceptable (miles),,2013,2472
Nevada,Percent Acceptable,,2013,0.957026713
Nevada,Total (miles),,2013,2583
New Hampshire,Acceptable (miles),,2013,2208
New Hampshire,Percent Acceptable,,2013,0.731368003
New Hampshire,Total (miles),,2013,3019
New Jersey,Acceptable (miles),,2013,2349
New Jersey,Percent Acceptable,,2013,0.438573562
New Jersey,Total (miles),,2013,5356
New Mexico,Acceptable (miles),,2013,6607
New Mexico,Percent Acceptable,,2013,0.7515641
New Mexico,Total (miles),,2013,8791
New York,Acceptable (miles),,2013,14978
New York,Percent Acceptable,,2013,0.711746816
New York,Total (miles),,2013,21044
North Carolina,Acceptable (miles),,2013,17110
North Carolina,Percent Acceptable,,2013,0.892075078
North Carolina,Total (miles),,2013,19180
North Dakota,Acceptable (miles),,2013,3545
North Dakota,Percent Acceptable,,2013,0.946090205
North Dakota,Total (miles),,2013,3747
Ohio,Acceptable (miles),,2013,12479
Ohio,Percent Acceptable,,2013,0.866055937
Ohio,Total (miles),,2013,14409
Oklahoma,Acceptable (miles),,2013,16973
Oklahoma,Percent Acceptable,,2013,0.676134327
Oklahoma,Total (miles),,2013,25103
Oregon,Acceptable (miles),,2013,7430
Oregon,Percent Acceptable,,2013,0.894857281
Oregon,Total (miles),,2013,8303
Pennsylvania,Acceptable (miles),,2013,14743
Pennsylvania,Percent Acceptable,,2013,0.759048551
Pennsylvania,Total (miles),,2013,19423
Rhode Island,Acceptable (miles),,2013,527
Rhode Island,Percent Acceptable,,2013,0.645833333
Rhode Island,Total (miles),,2013,816
South Carolina,Acceptable (miles),,2013,15687
South Carolina,Percent Acceptable,,2013,0.868220058
South Carolina,Total (miles),,2013,18068
South Dakota,Acceptable (miles),,2013,9263
South Dakota,Percent Acceptable,,2013,0.958208338
South Dakota,Total (miles),,2013,9667
Tennessee,Acceptable (miles),,2013,9312
Tennessee,Percent Acceptable,,2013,0.926474978
Tennessee,Total (miles),,2013,10051
Texas,Acceptable (miles),,2013,12006
Texas,Percent Acceptable,,2013,0.946845426
Texas,Total (miles),,2013,12680
Utah,Acceptable (miles),,2013,6368
Utah,Percent Acceptable,,2013,0.82390995
Utah,Total (miles),,2013,7729
Vermont,Acceptable (miles),,2013,2213
Vermont,Percent Acceptable,,2013,0.747130317
Vermont,Total (miles),,2013,2962
Virginia,Acceptable (miles),,2013,14568
Virginia,Percent Acceptable,,2013,0.793853196
Virginia,Total (miles),,2013,18351
Washington,Acceptable (miles),,2013,12534
Washington,Percent Acceptable,,2013,0.683983629
Washington,Total (miles),,2013,18325
West Virginia,Acceptable (miles),,2013,6990
West Virginia,Percent Acceptable,,2013,0.7094286
West Virginia,Total (miles),,2013,9853
Wisconsin,Acceptable (miles),,2013,18694
Wisconsin,Percent Acceptable,,2013,0.744869905
Wisconsin,Total (miles),,2013,25097
Wyoming,Acceptable (miles),,2013,6262
Wyoming,Percent Acceptable,,2013,0.917643611
Wyoming,Total (miles),,2013,6824
United States,Acceptable (miles),,2013,471536
United States,Percent Acceptable,,2013,0.791826755
United States,Total (miles),,2013,595504
Alabama,Acceptable (miles),,2012,15893
Alabama,Percent Acceptable,,2012,0.92213519
Alabama,Total (miles),,2012,17235
Alaska,Acceptable (miles),,2012,2606
Alaska,Percent Acceptable,,2012,0.789936344
Alaska,Total (miles),,2012,3299
Arizona,Acceptable (miles),,2012,7955
Arizona,Percent Acceptable,,2012,0.932153738
Arizona,Total (miles),,2012,8534
Arkansas,Acceptable (miles),,2012,13469
Arkansas,Percent Acceptable,,2012,0.800439769
Arkansas,Total (miles),,2012,16827
California,Acceptable (miles),,2012,25869
California,Percent Acceptable,,2012,0.609069291
California,Total (miles),,2012,42473
Colorado,Acceptable (miles),,2012,12936
Colorado,Percent Acceptable,,2012,0.791919192
Colorado,Total (miles),,2012,16335
Connecticut,Acceptable (miles),,2012,2943
Connecticut,Percent Acceptable,,2012,0.477992529
Connecticut,Total (miles),,2012,6157
Delaware,Acceptable (miles),,2012,1229
Delaware,Percent Acceptable,,2012,0.806430446
Delaware,Total (miles),,2012,1524
District of Columbia,Acceptable (miles),,2012,17
District of Columbia,Percent Acceptable,,2012,0.037444934
District of Columbia,Total (miles),,2012,454
Florida,Acceptable (miles),,2012,14934
Florida,Percent Acceptable,,2012,0.928154133
Florida,Total (miles),,2012,16090
Georgia,Acceptable (miles),,2012,9937
Georgia,Percent Acceptable,,2012,0.99509313
Georgia,Total (miles),,2012,9986
Hawaii,Acceptable (miles),,2012,925
Hawaii,Percent Acceptable,,2012,0.610561056
Hawaii,Total (miles),,2012,1515
Idaho,Acceptable (miles),,2012,3889
Idaho,Percent Acceptable,,2012,0.887089416
Idaho,Total (miles),,2012,4384
Illinois,Acceptable (miles),,2012,24186
Illinois,Percent Acceptable,,2012,0.802908077
Illinois,Total (miles),,2012,30123
Indiana,Acceptable (miles),,2012,17218
Indiana,Percent Acceptable,,2012,0.786892738
Indiana,Total (miles),,2012,21881
Iowa,Acceptable (miles),,2012,14495
Iowa,Percent Acceptable,,2012,0.854003417
Iowa,Total (miles),,2012,16973
Kansas,Acceptable (miles),,2012,14259
Kansas,Percent Acceptable,,2012,0.896961691
Kansas,Total (miles),,2012,15897
Kentucky,Acceptable (miles),,2012,10822
Kentucky,Percent Acceptable,,2012,0.898091286
Kentucky,Total (miles),,2012,12050
Louisiana,Acceptable (miles),,2012,9755
Louisiana,Percent Acceptable,,2012,0.778966701
Louisiana,Total (miles),,2012,12523
Maine,Acceptable (miles),,2012,4492
Maine,Percent Acceptable,,2012,0.712111604
Maine,Total (miles),,2012,6308
Maryland,Acceptable (miles),,2012,5396
Maryland,Percent Acceptable,,2012,0.761071932
Maryland,Total (miles),,2012,7090
Massachusetts,Acceptable (miles),,2012,3310
Massachusetts,Percent Acceptable,,2012,0.692323782
Massachusetts,Total (miles),,2012,4781
Michigan,Acceptable (miles),,2012,10079
Michigan,Percent Acceptable,,2012,0.891394711
Michigan,Total (miles),,2012,11307
Minnesota,Acceptable (miles),,2012,21419
Minnesota,Percent Acceptable,,2012,0.886694817
Minnesota,Total (miles),,2012,24156
Mississippi,Acceptable (miles),,2012,15231
Mississippi,Percent Acceptable,,2012,0.719087862
Mississippi,Total (miles),,2012,21181
Missouri,Acceptable (miles),,2012,21894
Missouri,Percent Acceptable,,2012,0.764749031
Missouri,Total (miles),,2012,28629
Montana,Acceptable (miles),,2012,11593
Montana,Percent Acceptable,,2012,0.926550512
Montana,Total (miles),,2012,12512
Nebraska,Acceptable (miles),,2012,10369
Nebraska,Percent Acceptable,,2012,0.937522604
Nebraska,Total (miles),,2012,11060
Nevada,Acceptable (miles),,2012,3995
Nevada,Percent Acceptable,,2012,0.961260828
Nevada,Total (miles),,2012,4156
New Hampshire,Acceptable (miles),,2012,2590
New Hampshire,Percent Acceptable,,2012,0.760199589
New Hampshire,Total (miles),,2012,3407
New Jersey,Acceptable (miles),,2012,4000
New Jersey,Percent Acceptable,,2012,0.503461296
New Jersey,Total (miles),,2012,7945
New Mexico,Acceptable (miles),,2012,8327
New Mexico,Percent Acceptable,,2012,0.745412228
New Mexico,Total (miles),,2012,11171
New York,Acceptable (miles),,2012,20121
New York,Percent Acceptable,,2012,0.740014711
New York,Total (miles),,2012,27190
North Carolina,Acceptable (miles),,2012,17870
North Carolina,Percent Acceptable,,2012,0.893902256
North Carolina,Total (miles),,2012,19991
North Dakota,Acceptable (miles),,2012,8868
North Dakota,Percent Acceptable,,2012,0.964227465
North Dakota,Total (miles),,2012,9197
Ohio,Acceptable (miles),,2012,16413
Ohio,Percent Acceptable,,2012,0.906996021
Ohio,Total (miles),,2012,18096
Oklahoma,Acceptable (miles),,2012,19531
Oklahoma,Percent Acceptable,,2012,0.681757889
Oklahoma,Total (miles),,2012,28648
Oregon,Acceptable (miles),,2012,7827
Oregon,Percent Acceptable,,2012,0.895742733
Oregon,Total (miles),,2012,8738
Pennsylvania,Acceptable (miles),,2012,18759
Pennsylvania,Percent Acceptable,,2012,0.780292001
Pennsylvania,Total (miles),,2012,24041
Rhode Island,Acceptable (miles),,2012,675
Rhode Island,Percent Acceptable,,2012,0.581395349
Rhode Island,Total (miles),,2012,1161
South Carolina,Acceptable (miles),,2012,18454
South Carolina,Percent Acceptable,,2012,0.879431948
South Carolina,Total (miles),,2012,20984
South Dakota,Acceptable (miles),,2012,9892
South Dakota,Percent Acceptable,,2012,0.90843971
South Dakota,Total (miles),,2012,10889
Tennessee,Acceptable (miles),,2012,13254
Tennessee,Percent Acceptable,,2012,0.952497305
Tennessee,Total (miles),,2012,13915
Texas,Acceptable (miles),,2012,62914
Texas,Percent Acceptable,,2012,0.917127072
Texas,Total (miles),,2012,68599
Utah,Acceptable (miles),,2012,5346
Utah,Percent Acceptable,,2012,0.885099338
Utah,Total (miles),,2012,6040
Vermont,Acceptable (miles),,2012,1290
Vermont,Percent Acceptable,,2012,0.852047556
Vermont,Total (miles),,2012,1514
Virginia,Acceptable (miles),,2012,14884
Virginia,Percent Acceptable,,2012,0.814223195
Virginia,Total (miles),,2012,18280
Washington,Acceptable (miles),,2012,13802
Washington,Percent Acceptable,,2012,0.692315409
Washington,Total (miles),,2012,19936
West Virginia,Acceptable (miles),,2012,6851
West Virginia,Percent Acceptable,,2012,0.672193878
West Virginia,Total (miles),,2012,10192
Wisconsin,Acceptable (miles),,2012,20826
Wisconsin,Percent Acceptable,,2012,0.751081939
Wisconsin,Total (miles),,2012,27728
Wyoming,Acceptable (miles),,2012,6546
Wyoming,Percent Acceptable,,2012,0.917320628
Wyoming,Total (miles),,2012,7136
United States,Acceptable (miles),,2012,610765
United States,Percent Acceptable,,2012,0.811482848
United States,Total (miles),,2012,752653
Alabama,Acceptable (miles),,2011,20988
Alabama,Percent Acceptable,,2011,0.914788824
Alabama,Total (miles),,2011,22943
Alaska,Acceptable (miles),,2011,2700
Alaska,Percent Acceptable,,2011,0.759921193
Alaska,Total (miles),,2011,3553
Arizona,Acceptable (miles),,2011,6692
Arizona,Percent Acceptable,,2011,0.853898175
Arizona,Total (miles),,2011,7837
Arkansas,Acceptable (miles),,2011,13104
Arkansas,Percent Acceptable,,2011,0.774330792
Arkansas,Total (miles),,2011,16923
California,Acceptable (miles),,2011,23389
California,Percent Acceptable,,2011,0.608438906
California,Total (miles),,2011,38441
Colorado,Acceptable (miles),,2011,13123
Colorado,Percent Acceptable,,2011,0.805982066
Colorado,Total (miles),,2011,16282
Connecticut,Acceptable (miles),,2011,3194
Connecticut,Percent Acceptable,,2011,0.520449731
Connecticut,Total (miles),,2011,6137
Delaware,Acceptable (miles),,2011,1212
Delaware,Percent Acceptable,,2011,0.798418972
Delaware,Total (miles),,2011,1518
District of Columbia,Acceptable (miles),,2011,14
District of Columbia,Percent Acceptable,,2011,0.031531532
District of Columbia,Total (miles),,2011,444
Florida,Acceptable (miles),,2011,19196
Florida,Percent Acceptable,,2011,0.890600353
Florida,Total (miles),,2011,21554
Georgia,Acceptable (miles),,2011,7061
Georgia,Percent Acceptable,,2011,0.99548851
Georgia,Total (miles),,2011,7093
Hawaii,Acceptable (miles),,2011,924
Hawaii,Percent Acceptable,,2011,0.61192053
Hawaii,Total (miles),,2011,1510
Idaho,Acceptable (miles),,2011,4095
Idaho,Percent Acceptable,,2011,0.984611686
Idaho,Total (miles),,2011,4159
Illinois,Acceptable (miles),,2011,27272
Illinois,Percent Acceptable,,2011,0.774090999
Illinois,Total (miles),,2011,35231
Indiana,Acceptable (miles),,2011,17375
Indiana,Percent Acceptable,,2011,0.775254328
Indiana,Total (miles),,2011,22412
Iowa,Acceptable (miles),,2011,4770
Iowa,Percent Acceptable,,2011,0.764913406
Iowa,Total (miles),,2011,6236
Kansas,Acceptable (miles),,2011,14399
Kansas,Percent Acceptable,,2011,0.8999375
Kansas,Total (miles),,2011,16000
Kentucky,Acceptable (miles),,2011,10967
Kentucky,Percent Acceptable,,2011,0.921132202
Kentucky,Total (miles),,2011,11906
Louisiana,Acceptable (miles),,2011,10407
Louisiana,Percent Acceptable,,2011,0.788110564
Louisiana,Total (miles),,2011,13205
Maine,Acceptable (miles),,2011,4421
Maine,Percent Acceptable,,2011,0.699968334
Maine,Total (miles),,2011,6316
Maryland,Acceptable (miles),,2011,5526
Maryland,Percent Acceptable,,2011,0.778858351
Maryland,Total (miles),,2011,7095
Massachusetts,Acceptable (miles),,2011,2817
Massachusetts,Percent Acceptable,,2011,0.667061331
Massachusetts,Total (miles),,2011,4223
Michigan,Acceptable (miles),,2011,9825
Michigan,Percent Acceptable,,2011,0.867932862
Michigan,Total (miles),,2011,11320
Minnesota,Acceptable (miles),,2011,23992
Minnesota,Percent Acceptable,,2011,0.847474391
Minnesota,Total (miles),,2011,28310
Mississippi,Acceptable (miles),,2011,14878
Mississippi,Percent Acceptable,,2011,0.700668739
Mississippi,Total (miles),,2011,21234
Missouri,Acceptable (miles),,2011,9812
Missouri,Percent Acceptable,,2011,0.936527632
Missouri,Total (miles),,2011,10477
Montana,Acceptable (miles),,2011,11596
Montana,Percent Acceptable,,2011,0.929017786
Montana,Total (miles),,2011,12482
Nebraska,Acceptable (miles),,2011,10171
Nebraska,Percent Acceptable,,2011,0.927164995
Nebraska,Total (miles),,2011,10970
Nevada,Acceptable (miles),,2011,2443
Nevada,Percent Acceptable,,2011,0.936733129
Nevada,Total (miles),,2011,2608
New Hampshire,Acceptable (miles),,2011,2553
New Hampshire,Percent Acceptable,,2011,0.749119718
New Hampshire,Total (miles),,2011,3408
New Jersey,Acceptable (miles),,2011,3625
New Jersey,Percent Acceptable,,2011,0.45488769
New Jersey,Total (miles),,2011,7969
New Mexico,Acceptable (miles),,2011,7355
New Mexico,Percent Acceptable,,2011,0.747383396
New Mexico,Total (miles),,2011,9841
New York,Acceptable (miles),,2011,20092
New York,Percent Acceptable,,2011,0.739301615
New York,Total (miles),,2011,27177
North Carolina,Acceptable (miles),,2011,17368
North Carolina,Percent Acceptable,,2011,0.896274125
North Carolina,Total (miles),,2011,19378
North Dakota,Acceptable (miles),,2011,13276
North Dakota,Percent Acceptable,,2011,0.941426748
North Dakota,Total (miles),,2011,14102
Ohio,Acceptable (miles),,2011,16871
Ohio,Percent Acceptable,,2011,0.917301
Ohio,Total (miles),,2011,18392
Oklahoma,Acceptable (miles),,2011,19867
Oklahoma,Percent Acceptable,,2011,0.665360528
Oklahoma,Total (miles),,2011,29859
Oregon,Acceptable (miles),,2011,8597
Oregon,Percent Acceptable,,2011,0.931116647
Oregon,Total (miles),,2011,9233
Pennsylvania,Acceptable (miles),,2011,14885
Pennsylvania,Percent Acceptable,,2011,0.731953186
Pennsylvania,Total (miles),,2011,20336
Rhode Island,Acceptable (miles),,2011,520
Rhode Island,Percent Acceptable,,2011,0.577777778
Rhode Island,Total (miles),,2011,900
South Carolina,Acceptable (miles),,2011,18768
South Carolina,Percent Acceptable,,2011,0.8956335
South Carolina,Total (miles),,2011,20955
South Dakota,Acceptable (miles),,2011,9725
South Dakota,Percent Acceptable,,2011,0.889346136
South Dakota,Total (miles),,2011,10935
Tennessee,Acceptable (miles),,2011,13324
Tennessee,Percent Acceptable,,2011,0.953007653
Tennessee,Total (miles),,2011,13981
Texas,Acceptable (miles),,2011,60511
Texas,Percent Acceptable,,2011,0.879341413
Texas,Total (miles),,2011,68814
Utah,Acceptable (miles),,2011,5805
Utah,Percent Acceptable,,2011,0.878879637
Utah,Total (miles),,2011,6605
Vermont,Acceptable (miles),,2011,2024
Vermont,Percent Acceptable,,2011,0.766666667
Vermont,Total (miles),,2011,2640
Virginia,Acceptable (miles),,2011,15039
Virginia,Percent Acceptable,,2011,0.813490561
Virginia,Total (miles),,2011,18487
Washington,Acceptable (miles),,2011,13682
Washington,Percent Acceptable,,2011,0.717951409
Washington,Total (miles),,2011,19057
West Virginia,Acceptable (miles),,2011,6928
West Virginia,Percent Acceptable,,2011,0.666923373
West Virginia,Total (miles),,2011,10388
Wisconsin,Acceptable (miles),,2011,21769
Wisconsin,Percent Acceptable,,2011,0.777020274
Wisconsin,Total (miles),,2011,28016
Wyoming,Acceptable (miles),,2011,6470
Wyoming,Percent Acceptable,,2011,0.9391784
Wyoming,Total (miles),,2011,6889
United States,Acceptable (miles),,2011,595830
United States,Percent Acceptable,,2011,0.807156481
United States,Total (miles),,2011,738184
